고장유형,변수,정상평균,고장평균,차이
TWF,Air temperature [K],300.0035764516777,300.2978260869565,0.29424963527878845
TWF,Process temperature [K],310.00482218203734,310.16521739130434,0.16039520926699424
TWF,Temp_diff,10.001245730359654,9.867391304347825,-0.13385442601182973
TWF,Rotational speed [rpm],1538.6494876431586,1566.1739130434783,27.524425400319615
TWF,Torque [Nm],39.99684548925055,37.83695652173913,-2.159888967511421
TWF,Power [kW],6.280948415780313,6.01932612732756,-0.26162228845275326
TWF,Tool wear [min],107.44996986136226,216.3695652173913,108.91959535602905
HDF,Air temperature [K],299.9751947395043,302.5608695652174,2.585674825713113
HDF,Process temperature [K],309.9964491654021,310.7886956521739,0.7922464867717736
HDF,Temp_diff,10.021254425897826,8.227826086956522,-1.793428338941304
HDF,Rotational speed [rpm],1541.1204855842186,1337.2608695652175,-203.85961601900112
HDF,Torque [Nm],39.83357612544259,53.16695652173913,13.33338039629654
HDF,Power [kW],6.266326278347183,7.433167574542546,1.1668412961953631
HDF,Tool wear [min],107.95983813859382,107.19130434782609,-0.7685337907677336
PWF,Air temperature [K],300.00425037859674,300.07578947368415,0.07153909508741663
PWF,Process temperature [K],310.0060474507824,309.95473684210526,-0.05131060867711312
PWF,Temp_diff,10.001797072185765,9.87894736842105,-0.12284970376471449
PWF,Rotational speed [rpm],1536.616254416961,1763.9684210526316,227.35216663567053
PWF,Torque [Nm],39.90511862695608,48.51473684210526,8.609618215149176
PWF,Power [kW],6.270421648986996,7.251822098085416,0.9814004490984196
PWF,Tool wear [min],108.00918727915194,101.88421052631578,-6.124976752836162
OSF,Air temperature [K],300.0045344374874,300.04489795918363,0.040363521696235694
OSF,Process temperature [K],310.004887901434,310.0734693877551,0.06858148632107941
OSF,Temp_diff,10.000353463946677,10.028571428571428,0.028217964624751346
OSF,Rotational speed [rpm],1540.6411835992728,1350.3265306122448,-190.314652987028
OSF,Torque [Nm],39.8049686931933,58.37040816326531,18.565439470072008
OSF,Power [kW],6.26044114403651,8.230217594742573,1.969776450706063
OSF,Tool wear [min],106.96384568773985,207.69387755102042,100.73003186328057
RNF,Air temperature [K],300.00338643422504,300.8157894736842,0.8124030394591841
RNF,Process temperature [K],310.00411782386533,310.7631578947368,0.7590400708714924
RNF,Temp_diff,10.000731389640316,9.947368421052625,-0.05336296858769174
RNF,Rotational speed [rpm],1538.8784690912735,1485.0,-53.87846909127347
RNF,Torque [Nm],39.979891794409376,43.67368421052631,3.693792416116935
RNF,Power [kW],6.278972168398936,6.68570103918587,0.4067288707869343
RNF,Tool wear [min],107.91954713956517,124.47368421052632,16.554137070961147
