고장유형,변수,중요도
TWF,Tool wear [min],0.7495525527784541
TWF,Power [kW],0.04701650835898402
TWF,Rotational speed [rpm],0.04507288706066928
TWF,Torque [Nm],0.0433923219318816
TWF,Air temperature [K],0.042479466780543325
TWF,Temp_diff,0.033589963561389276
TWF,Process temperature [K],0.02639961960579441
TWF,Type_L,0.006075057966780725
TWF,Type_M,0.003945931944431257
TWF,Type_H,0.0024756900110720088
HDF,Temp_diff,0.3910924354376045
HDF,Rotational speed [rpm],0.2764566392650395
HDF,Air temperature [K],0.15507142007092214
HDF,Torque [Nm],0.10340067683310482
HDF,Process temperature [K],0.03952239828488924
HDF,Power [kW],0.031749837581917344
HDF,Tool wear [min],0.00237212306346725
HDF,Type_L,0.00016853521669973328
HDF,Type_H,0.00013126899455700175
HDF,Type_M,3.466525179853377e-05
PWF,Power [kW],0.4756700719870512
PWF,Torque [Nm],0.3521258549889599
PWF,Rotational speed [rpm],0.15102663043411982
PWF,Tool wear [min],0.007116018737745346
PWF,Temp_diff,0.0054146681451010936
PWF,Air temperature [K],0.0040873543695305456
PWF,Process temperature [K],0.0037525039846528284
PWF,Type_L,0.00037726733611581105
PWF,Type_M,0.00023028469155001008
PWF,Type_H,0.00019934532517356792
OSF,Tool wear [min],0.34396494093929064
OSF,Torque [Nm],0.3330825420508179
OSF,Power [kW],0.1750210520233955
OSF,Rotational speed [rpm],0.09788534640724668
OSF,Type_L,0.021361883431567977
OSF,Type_M,0.009804955113625056
OSF,Temp_diff,0.0069008293368059154
OSF,Air temperature [K],0.005875847984719138
OSF,Process temperature [K],0.005161761573322248
OSF,Type_H,0.0009408411392089474
RNF,Temp_diff,0.16932043156887902
RNF,Tool wear [min],0.1668960282507264
RNF,Rotational speed [rpm],0.1415480557742841
RNF,Air temperature [K],0.139119534472311
RNF,Power [kW],0.13012130575672784
RNF,Process temperature [K],0.10850400855545222
RNF,Torque [Nm],0.08933300472922086
RNF,Type_M,0.04060908094280033
RNF,Type_L,0.010396285518159108
RNF,Type_H,0.0041522644314392985
